filename,label
PA_T_0000004.flac,0
PA_T_0000005.flac,0
PA_T_0000014.flac,0
PA_T_0000018.flac,0
PA_T_0000027.flac,0
PA_T_0000030.flac,0
PA_T_0000054.flac,0
PA_T_0000059.flac,0
PA_T_0000065.flac,0
PA_T_0000077.flac,0
PA_T_0000080.flac,0
PA_T_0000095.flac,0
PA_T_0000121.flac,0
PA_T_0000160.flac,0
PA_T_0000173.flac,0
PA_T_0000194.flac,0
PA_T_0000204.flac,0
PA_T_0000205.flac,0
PA_T_0000218.flac,0
PA_T_0000227.flac,0
PA_T_0000245.flac,0
PA_T_0000258.flac,0
PA_T_0000261.flac,0
PA_T_0000263.flac,0
PA_T_0000296.flac,0
PA_T_0000314.flac,0
PA_T_0000318.flac,0
PA_T_0000326.flac,0
PA_T_0000327.flac,0
PA_T_0000343.flac,0
PA_T_0000356.flac,0
PA_T_0000362.flac,0
PA_T_0000364.flac,0
PA_T_0000376.flac,0
PA_T_0000386.flac,0
PA_T_0000411.flac,0
PA_T_0000415.flac,0
PA_T_0000417.flac,0
PA_T_0000444.flac,0
PA_T_0000459.flac,0
PA_T_0000466.flac,0
PA_T_0000469.flac,0
PA_T_0000475.flac,0
PA_T_0000480.flac,0
PA_T_0000481.flac,0
PA_T_0000483.flac,0
PA_T_0000497.flac,0
PA_T_0000500.flac,0
PA_T_0000521.flac,0
PA_T_0000525.flac,0
PA_T_0000543.flac,0
PA_T_0000553.flac,0
PA_T_0000557.flac,0
PA_T_0000562.flac,0
PA_T_0000564.flac,0
PA_T_0000567.flac,0
PA_T_0000569.flac,0
PA_T_0000570.flac,0
PA_T_0000574.flac,0
PA_T_0000581.flac,0
PA_T_0000582.flac,0
PA_T_0000585.flac,0
PA_T_0000595.flac,0
PA_T_0000601.flac,0
PA_T_0000617.flac,0
PA_T_0000618.flac,0
PA_T_0000646.flac,0
PA_T_0000654.flac,0
PA_T_0000657.flac,0
PA_T_0000672.flac,0
PA_T_0000702.flac,0
PA_T_0000713.flac,0
PA_T_0000745.flac,0
PA_T_0000757.flac,0
PA_T_0000760.flac,0
PA_T_0000765.flac,0
PA_T_0000768.flac,0
PA_T_0000773.flac,0
PA_T_0000793.flac,0
PA_T_0000795.flac,0
PA_T_0000803.flac,0
PA_T_0000807.flac,0
PA_T_0000820.flac,0
PA_T_0000828.flac,0
PA_T_0000838.flac,0
PA_T_0000840.flac,0
PA_T_0000843.flac,0
PA_T_0000849.flac,0
PA_T_0000872.flac,0
PA_T_0000877.flac,0
PA_T_0000886.flac,0
PA_T_0000889.flac,0
PA_T_0000896.flac,0
PA_T_0000899.flac,0
PA_T_0000913.flac,0
PA_T_0000914.flac,0
PA_T_0000917.flac,0
PA_T_0000939.flac,0
PA_T_0000945.flac,0
PA_T_0000946.flac,0
PA_T_0000948.flac,0
PA_T_0000983.flac,0
PA_T_0000992.flac,0
PA_T_0001021.flac,0
PA_T_0001023.flac,0
PA_T_0001031.flac,0
PA_T_0001043.flac,0
PA_T_0001045.flac,0
PA_T_0001052.flac,0
PA_T_0001072.flac,0
PA_T_0001073.flac,0
PA_T_0001084.flac,0
PA_T_0001086.flac,0
PA_T_0001101.flac,0
PA_T_0001134.flac,0
PA_T_0001144.flac,0
PA_T_0001149.flac,0
PA_T_0001171.flac,0
PA_T_0001214.flac,0
PA_T_0001222.flac,0
PA_T_0001253.flac,0
PA_T_0001267.flac,0
PA_T_0001269.flac,0
PA_T_0001274.flac,0
PA_T_0001290.flac,0
PA_T_0001293.flac,0
PA_T_0001296.flac,0
PA_T_0001305.flac,0
PA_T_0001308.flac,0
PA_T_0001311.flac,0
PA_T_0001324.flac,0
PA_T_0001332.flac,0
PA_T_0001333.flac,0
PA_T_0001339.flac,0
PA_T_0001349.flac,0
PA_T_0001353.flac,0
PA_T_0001363.flac,0
PA_T_0001402.flac,0
PA_T_0001426.flac,0
PA_T_0001451.flac,0
PA_T_0001463.flac,0
PA_T_0001464.flac,0
PA_T_0001470.flac,0
PA_T_0001504.flac,0
PA_T_0001523.flac,0
PA_T_0001556.flac,0
PA_T_0001558.flac,0
PA_T_0001559.flac,0
PA_T_0001560.flac,0
PA_T_0001570.flac,0
PA_T_0001572.flac,0
PA_T_0001576.flac,0
PA_T_0001583.flac,0
PA_T_0001615.flac,0
PA_T_0001629.flac,0
PA_T_0001630.flac,0
PA_T_0001635.flac,0
PA_T_0001648.flac,0
PA_T_0001668.flac,0
PA_T_0001674.flac,0
PA_T_0001717.flac,0
PA_T_0001721.flac,0
PA_T_0001722.flac,0
PA_T_0001726.flac,0
PA_T_0001729.flac,0
PA_T_0001736.flac,0
PA_T_0001742.flac,0
PA_T_0001747.flac,0
PA_T_0001752.flac,0
PA_T_0001756.flac,0
PA_T_0001764.flac,0
PA_T_0001784.flac,0
PA_T_0001792.flac,0
PA_T_0001797.flac,0
PA_T_0001800.flac,0
PA_T_0001805.flac,0
PA_T_0001806.flac,0
PA_T_0001823.flac,0
PA_T_0001827.flac,0
PA_T_0001829.flac,0
PA_T_0001841.flac,0
PA_T_0001865.flac,0
PA_T_0001867.flac,0
PA_T_0001876.flac,0
PA_T_0001877.flac,0
PA_T_0001886.flac,0
PA_T_0001906.flac,0
PA_T_0001908.flac,0
PA_T_0001927.flac,0
PA_T_0001937.flac,0
PA_T_0001940.flac,0
PA_T_0001950.flac,0
PA_T_0001956.flac,0
PA_T_0001962.flac,0
PA_T_0001974.flac,0
PA_T_0001991.flac,0
PA_T_0002002.flac,0
PA_T_0002006.flac,0
PA_T_0002007.flac,0
PA_T_0002017.flac,0
PA_T_0002021.flac,0
PA_T_0002031.flac,0
PA_T_0002033.flac,0
PA_T_0002037.flac,0
PA_T_0002045.flac,0
PA_T_0002047.flac,0
PA_T_0002058.flac,0
PA_T_0002060.flac,0
PA_T_0002087.flac,0
PA_T_0002137.flac,0
PA_T_0002140.flac,0
PA_T_0002146.flac,0
PA_T_0002153.flac,0
PA_T_0002158.flac,0
PA_T_0002163.flac,0
PA_T_0002167.flac,0
PA_T_0002170.flac,0
PA_T_0002172.flac,0
PA_T_0002173.flac,0
PA_T_0002175.flac,0
PA_T_0002176.flac,0
PA_T_0002186.flac,0
PA_T_0002188.flac,0
PA_T_0002194.flac,0
PA_T_0002212.flac,0
PA_T_0002232.flac,0
PA_T_0002254.flac,0
PA_T_0002267.flac,0
PA_T_0002277.flac,0
PA_T_0002278.flac,0
PA_T_0002279.flac,0
PA_T_0002282.flac,0
PA_T_0002283.flac,0
PA_T_0002287.flac,0
PA_T_0002309.flac,0
PA_T_0002335.flac,0
PA_T_0002337.flac,0
PA_T_0002351.flac,0
PA_T_0002371.flac,0
PA_T_0002402.flac,0
PA_T_0002405.flac,0
PA_T_0002423.flac,0
PA_T_0002431.flac,0
PA_T_0002445.flac,0
PA_T_0002453.flac,0
PA_T_0002458.flac,0
PA_T_0002461.flac,0
PA_T_0002466.flac,0
PA_T_0002479.flac,0
PA_T_0002490.flac,0
PA_T_0002501.flac,0
PA_T_0002520.flac,0
PA_T_0002526.flac,0
PA_T_0002534.flac,0
PA_T_0002554.flac,0
PA_T_0002570.flac,0
PA_T_0002572.flac,0
PA_T_0002574.flac,0
PA_T_0002578.flac,0
PA_T_0002585.flac,0
PA_T_0002591.flac,0
PA_T_0002592.flac,0
PA_T_0002640.flac,0
PA_T_0002656.flac,0
PA_T_0002657.flac,0
PA_T_0002673.flac,0
PA_T_0002690.flac,0
PA_T_0002705.flac,0
PA_T_0002707.flac,0
PA_T_0002713.flac,0
PA_T_0002722.flac,0
PA_T_0002733.flac,0
PA_T_0002758.flac,0
PA_T_0002770.flac,0
PA_T_0002780.flac,0
PA_T_0002787.flac,0
PA_T_0002788.flac,0
PA_T_0002809.flac,0
PA_T_0002818.flac,0
PA_T_0002832.flac,0
PA_T_0002860.flac,0
PA_T_0002865.flac,0
PA_T_0002877.flac,0
PA_T_0002898.flac,0
PA_T_0002903.flac,0
PA_T_0002911.flac,0
PA_T_0002932.flac,0
PA_T_0002941.flac,0
PA_T_0002963.flac,0
PA_T_0002966.flac,0
PA_T_0002974.flac,0
PA_T_0002984.flac,0
PA_T_0002988.flac,0
PA_T_0002989.flac,0
PA_T_0003025.flac,0
PA_T_0003028.flac,0
PA_T_0003033.flac,0
PA_T_0003060.flac,0
PA_T_0003064.flac,0
PA_T_0003101.flac,0
PA_T_0003105.flac,0
PA_T_0003106.flac,0
PA_T_0003109.flac,0
PA_T_0003113.flac,0
PA_T_0003114.flac,0
PA_T_0003127.flac,0
PA_T_0003134.flac,0
PA_T_0003153.flac,0
PA_T_0003156.flac,0
PA_T_0003199.flac,0
PA_T_0003242.flac,0
PA_T_0003243.flac,0
PA_T_0003265.flac,0
PA_T_0003269.flac,0
PA_T_0003272.flac,0
PA_T_0003275.flac,0
PA_T_0003286.flac,0
PA_T_0003287.flac,0
PA_T_0003297.flac,0
PA_T_0003299.flac,0
PA_T_0003308.flac,0
PA_T_0003327.flac,0
PA_T_0003330.flac,0
PA_T_0003335.flac,0
PA_T_0003346.flac,0
PA_T_0003368.flac,0
PA_T_0003373.flac,0
PA_T_0003378.flac,0
PA_T_0003435.flac,0
PA_T_0003437.flac,0
PA_T_0003445.flac,0
PA_T_0003457.flac,0
PA_T_0003459.flac,0
PA_T_0003463.flac,0
PA_T_0003466.flac,0
PA_T_0003467.flac,0
PA_T_0003470.flac,0
PA_T_0003504.flac,0
PA_T_0003510.flac,0
PA_T_0003521.flac,0
PA_T_0003522.flac,0
PA_T_0003532.flac,0
PA_T_0003534.flac,0
PA_T_0003560.flac,0
PA_T_0003562.flac,0
PA_T_0003573.flac,0
PA_T_0003575.flac,0
PA_T_0003589.flac,0
PA_T_0003590.flac,0
PA_T_0003620.flac,0
PA_T_0003631.flac,0
PA_T_0003676.flac,0
PA_T_0003680.flac,0
PA_T_0003699.flac,0
PA_T_0003715.flac,0
PA_T_0003717.flac,0
PA_T_0003728.flac,0
PA_T_0003746.flac,0
PA_T_0003755.flac,0
PA_T_0003759.flac,0
PA_T_0003764.flac,0
PA_T_0003771.flac,0
PA_T_0003787.flac,0
PA_T_0003790.flac,0
PA_T_0003826.flac,0
PA_T_0003835.flac,0
PA_T_0003856.flac,0
PA_T_0003873.flac,0
PA_T_0003875.flac,0
PA_T_0003894.flac,0
PA_T_0003906.flac,0
PA_T_0003944.flac,0
PA_T_0003977.flac,0
PA_T_0003979.flac,0
PA_T_0003982.flac,0
PA_T_0003987.flac,0
PA_T_0004003.flac,0
PA_T_0004043.flac,0
PA_T_0004090.flac,0
PA_T_0004101.flac,0
PA_T_0004120.flac,0
PA_T_0004140.flac,0
PA_T_0004141.flac,0
PA_T_0004145.flac,0
PA_T_0004155.flac,0
PA_T_0004159.flac,0
PA_T_0004161.flac,0
PA_T_0004174.flac,0
PA_T_0004175.flac,0
PA_T_0004190.flac,0
PA_T_0004212.flac,0
PA_T_0004240.flac,0
PA_T_0004260.flac,0
PA_T_0004283.flac,0
PA_T_0004323.flac,0
PA_T_0004334.flac,0
PA_T_0004335.flac,0
PA_T_0004345.flac,0
PA_T_0004351.flac,0
PA_T_0004364.flac,0
PA_T_0004376.flac,0
PA_T_0004393.flac,0
PA_T_0004394.flac,0
PA_T_0004399.flac,0
PA_T_0004405.flac,0
PA_T_0004411.flac,0
PA_T_0004416.flac,0
PA_T_0004418.flac,0
PA_T_0004419.flac,0
PA_T_0004429.flac,0
PA_T_0004442.flac,0
PA_T_0004451.flac,0
PA_T_0004465.flac,0
PA_T_0004468.flac,0
PA_T_0004470.flac,0
PA_T_0004489.flac,0
PA_T_0004504.flac,0
PA_T_0004509.flac,0
PA_T_0004520.flac,0
PA_T_0004523.flac,0
PA_T_0004527.flac,0
PA_T_0004533.flac,0
PA_T_0004538.flac,0
PA_T_0004542.flac,0
PA_T_0004544.flac,0
PA_T_0004553.flac,0
PA_T_0004563.flac,0
PA_T_0004587.flac,0
PA_T_0004595.flac,0
PA_T_0004598.flac,0
PA_T_0004599.flac,0
PA_T_0004613.flac,0
PA_T_0004631.flac,0
PA_T_0004647.flac,0
PA_T_0004648.flac,0
PA_T_0004663.flac,0
PA_T_0004667.flac,0
PA_T_0004678.flac,0
PA_T_0004721.flac,0
PA_T_0004724.flac,0
PA_T_0004730.flac,0
PA_T_0004743.flac,0
PA_T_0004745.flac,0
PA_T_0004752.flac,0
PA_T_0004757.flac,0
PA_T_0004772.flac,0
PA_T_0004781.flac,0
PA_T_0004782.flac,0
PA_T_0004786.flac,0
PA_T_0004789.flac,0
PA_T_0004820.flac,0
PA_T_0004821.flac,0
PA_T_0004828.flac,0
PA_T_0004838.flac,0
PA_T_0004871.flac,0
PA_T_0004875.flac,0
PA_T_0004882.flac,0
PA_T_0004886.flac,0
PA_T_0004888.flac,0
PA_T_0004907.flac,0
PA_T_0004932.flac,0
PA_T_0004946.flac,0
PA_T_0004955.flac,0
PA_T_0004967.flac,0
PA_T_0004970.flac,0
PA_T_0004989.flac,0
PA_T_0004991.flac,0
PA_T_0005011.flac,0
PA_T_0005043.flac,0
PA_T_0005067.flac,0
PA_T_0005074.flac,0
PA_T_0005085.flac,0
PA_T_0005089.flac,0
PA_T_0005105.flac,0
PA_T_0005123.flac,0
PA_T_0005141.flac,0
PA_T_0005150.flac,0
PA_T_0005170.flac,0
PA_T_0005196.flac,0
PA_T_0005197.flac,0
PA_T_0005202.flac,0
PA_T_0005208.flac,0
PA_T_0005220.flac,0
PA_T_0005235.flac,0
PA_T_0005239.flac,0
PA_T_0005243.flac,0
PA_T_0005251.flac,0
PA_T_0005256.flac,0
PA_T_0005267.flac,0
PA_T_0005288.flac,0
PA_T_0005294.flac,0
PA_T_0005309.flac,0
PA_T_0005324.flac,0
PA_T_0005343.flac,0
PA_T_0005354.flac,0
PA_T_0005358.flac,0
PA_T_0005364.flac,0
PA_T_0005370.flac,0
PA_T_0005386.flac,0
PA_T_0005399.flac,0
PA_T_0005576.flac,1
PA_T_0005764.flac,1
PA_T_0005787.flac,1
PA_T_0006066.flac,1
PA_T_0006204.flac,1
PA_T_0006230.flac,1
PA_T_0006328.flac,1
PA_T_0006531.flac,1
PA_T_0006671.flac,1
PA_T_0006681.flac,1
PA_T_0006736.flac,1
PA_T_0006760.flac,1
PA_T_0007001.flac,1
PA_T_0007083.flac,1
PA_T_0007096.flac,1
PA_T_0007168.flac,1
PA_T_0007177.flac,1
PA_T_0007281.flac,1
PA_T_0007303.flac,1
PA_T_0007434.flac,1
PA_T_0007540.flac,1
PA_T_0008013.flac,1
PA_T_0008037.flac,1
PA_T_0008039.flac,1
PA_T_0008092.flac,1
PA_T_0008383.flac,1
PA_T_0008429.flac,1
PA_T_0008692.flac,1
PA_T_0008696.flac,1
PA_T_0008768.flac,1
PA_T_0008814.flac,1
PA_T_0008914.flac,1
PA_T_0008974.flac,1
PA_T_0009309.flac,1
PA_T_0009348.flac,1
PA_T_0009481.flac,1
PA_T_0009610.flac,1
PA_T_0009683.flac,1
PA_T_0009897.flac,1
PA_T_0009920.flac,1
PA_T_0010065.flac,1
PA_T_0010080.flac,1
PA_T_0010173.flac,1
PA_T_0010256.flac,1
PA_T_0010320.flac,1
PA_T_0010381.flac,1
PA_T_0010478.flac,1
PA_T_0010672.flac,1
PA_T_0010681.flac,1
PA_T_0010721.flac,1
PA_T_0010768.flac,1
PA_T_0010902.flac,1
PA_T_0010958.flac,1
PA_T_0010983.flac,1
PA_T_0011011.flac,1
PA_T_0011080.flac,1
PA_T_0011386.flac,1
PA_T_0011499.flac,1
PA_T_0011521.flac,1
PA_T_0011904.flac,1
PA_T_0011989.flac,1
PA_T_0012079.flac,1
PA_T_0012124.flac,1
PA_T_0012317.flac,1
PA_T_0012386.flac,1
PA_T_0012485.flac,1
PA_T_0012877.flac,1
PA_T_0012897.flac,1
PA_T_0012907.flac,1
PA_T_0012922.flac,1
PA_T_0013163.flac,1
PA_T_0013236.flac,1
PA_T_0013308.flac,1
PA_T_0013334.flac,1
PA_T_0013354.flac,1
PA_T_0013550.flac,1
PA_T_0013673.flac,1
PA_T_0013676.flac,1
PA_T_0013696.flac,1
PA_T_0013765.flac,1
PA_T_0014139.flac,1
PA_T_0014294.flac,1
PA_T_0014469.flac,1
PA_T_0014722.flac,1
PA_T_0015057.flac,1
PA_T_0015072.flac,1
PA_T_0015165.flac,1
PA_T_0015178.flac,1
PA_T_0015285.flac,1
PA_T_0015344.flac,1
PA_T_0015387.flac,1
PA_T_0015415.flac,1
PA_T_0015427.flac,1
PA_T_0015659.flac,1
PA_T_0015693.flac,1
PA_T_0015831.flac,1
PA_T_0016133.flac,1
PA_T_0016217.flac,1
PA_T_0016274.flac,1
PA_T_0016397.flac,1
PA_T_0016521.flac,1
PA_T_0016792.flac,1
PA_T_0016882.flac,1
PA_T_0016927.flac,1
PA_T_0016944.flac,1
PA_T_0017160.flac,1
PA_T_0017295.flac,1
PA_T_0017310.flac,1
PA_T_0017318.flac,1
PA_T_0017483.flac,1
PA_T_0017534.flac,1
PA_T_0017922.flac,1
PA_T_0017953.flac,1
PA_T_0018022.flac,1
PA_T_0018122.flac,1
PA_T_0018143.flac,1
PA_T_0018365.flac,1
PA_T_0018398.flac,1
PA_T_0018451.flac,1
PA_T_0018466.flac,1
PA_T_0018956.flac,1
PA_T_0019018.flac,1
PA_T_0019230.flac,1
PA_T_0019272.flac,1
PA_T_0019302.flac,1
PA_T_0019406.flac,1
PA_T_0019422.flac,1
PA_T_0019581.flac,1
PA_T_0019685.flac,1
PA_T_0019742.flac,1
PA_T_0019781.flac,1
PA_T_0019854.flac,1
PA_T_0019923.flac,1
PA_T_0020095.flac,1
PA_T_0020123.flac,1
PA_T_0020134.flac,1
PA_T_0020191.flac,1
PA_T_0020309.flac,1
PA_T_0020403.flac,1
PA_T_0020509.flac,1
PA_T_0020556.flac,1
PA_T_0020571.flac,1
PA_T_0020698.flac,1
PA_T_0020768.flac,1
PA_T_0020793.flac,1
PA_T_0021034.flac,1
PA_T_0021080.flac,1
PA_T_0021120.flac,1
PA_T_0021150.flac,1
PA_T_0021218.flac,1
PA_T_0021316.flac,1
PA_T_0021346.flac,1
PA_T_0021382.flac,1
PA_T_0021390.flac,1
PA_T_0021447.flac,1
PA_T_0021489.flac,1
PA_T_0021604.flac,1
PA_T_0021606.flac,1
PA_T_0021666.flac,1
PA_T_0021732.flac,1
PA_T_0021809.flac,1
PA_T_0021876.flac,1
PA_T_0021933.flac,1
PA_T_0021947.flac,1
PA_T_0022194.flac,1
PA_T_0022332.flac,1
PA_T_0022387.flac,1
PA_T_0022450.flac,1
PA_T_0022738.flac,1
PA_T_0022744.flac,1
PA_T_0022809.flac,1
PA_T_0022990.flac,1
PA_T_0023063.flac,1
PA_T_0023101.flac,1
PA_T_0023155.flac,1
PA_T_0023208.flac,1
PA_T_0023242.flac,1
PA_T_0023288.flac,1
PA_T_0023378.flac,1
PA_T_0023397.flac,1
PA_T_0023506.flac,1
PA_T_0023521.flac,1
PA_T_0023574.flac,1
PA_T_0023630.flac,1
PA_T_0023636.flac,1
PA_T_0023680.flac,1
PA_T_0023728.flac,1
PA_T_0023929.flac,1
PA_T_0023947.flac,1
PA_T_0023999.flac,1
PA_T_0024035.flac,1
PA_T_0024126.flac,1
PA_T_0024282.flac,1
PA_T_0024315.flac,1
PA_T_0024488.flac,1
PA_T_0024546.flac,1
PA_T_0024684.flac,1
PA_T_0024815.flac,1
PA_T_0024888.flac,1
PA_T_0024970.flac,1
PA_T_0025165.flac,1
PA_T_0025210.flac,1
PA_T_0025313.flac,1
PA_T_0025329.flac,1
PA_T_0025414.flac,1
PA_T_0025468.flac,1
PA_T_0025495.flac,1
PA_T_0025560.flac,1
PA_T_0025744.flac,1
PA_T_0025785.flac,1
PA_T_0025845.flac,1
PA_T_0026080.flac,1
PA_T_0026195.flac,1
PA_T_0026353.flac,1
PA_T_0026523.flac,1
PA_T_0026524.flac,1
PA_T_0026701.flac,1
PA_T_0026821.flac,1
PA_T_0026854.flac,1
PA_T_0027079.flac,1
PA_T_0027085.flac,1
PA_T_0027367.flac,1
PA_T_0027411.flac,1
PA_T_0027429.flac,1
PA_T_0027447.flac,1
PA_T_0027519.flac,1
PA_T_0027705.flac,1
PA_T_0027729.flac,1
PA_T_0027763.flac,1
PA_T_0027929.flac,1
PA_T_0028155.flac,1
PA_T_0028336.flac,1
PA_T_0028453.flac,1
PA_T_0028457.flac,1
PA_T_0028654.flac,1
PA_T_0029051.flac,1
PA_T_0029137.flac,1
PA_T_0029576.flac,1
PA_T_0029585.flac,1
PA_T_0029686.flac,1
PA_T_0029997.flac,1
PA_T_0030238.flac,1
PA_T_0030245.flac,1
PA_T_0030247.flac,1
PA_T_0030329.flac,1
PA_T_0030503.flac,1
PA_T_0030565.flac,1
PA_T_0030885.flac,1
PA_T_0030925.flac,1
PA_T_0030959.flac,1
PA_T_0031223.flac,1
PA_T_0031396.flac,1
PA_T_0031592.flac,1
PA_T_0031661.flac,1
PA_T_0031779.flac,1
PA_T_0031898.flac,1
PA_T_0031903.flac,1
PA_T_0032036.flac,1
PA_T_0032113.flac,1
PA_T_0032173.flac,1
PA_T_0032561.flac,1
PA_T_0032589.flac,1
PA_T_0032649.flac,1
PA_T_0032675.flac,1
PA_T_0032861.flac,1
PA_T_0032929.flac,1
PA_T_0032935.flac,1
PA_T_0033028.flac,1
PA_T_0033262.flac,1
PA_T_0033263.flac,1
PA_T_0033286.flac,1
PA_T_0033367.flac,1
PA_T_0033475.flac,1
PA_T_0033490.flac,1
PA_T_0033504.flac,1
PA_T_0033714.flac,1
PA_T_0033812.flac,1
PA_T_0033941.flac,1
PA_T_0033946.flac,1
PA_T_0033963.flac,1
PA_T_0033967.flac,1
PA_T_0034089.flac,1
PA_T_0034181.flac,1
PA_T_0034228.flac,1
PA_T_0034267.flac,1
PA_T_0034353.flac,1
PA_T_0034378.flac,1
PA_T_0034382.flac,1
PA_T_0034405.flac,1
PA_T_0034415.flac,1
PA_T_0034624.flac,1
PA_T_0034772.flac,1
PA_T_0034896.flac,1
PA_T_0034925.flac,1
PA_T_0034944.flac,1
PA_T_0035137.flac,1
PA_T_0035156.flac,1
PA_T_0035200.flac,1
PA_T_0035247.flac,1
PA_T_0035315.flac,1
PA_T_0035530.flac,1
PA_T_0035658.flac,1
PA_T_0035845.flac,1
PA_T_0035851.flac,1
PA_T_0035856.flac,1
PA_T_0035866.flac,1
PA_T_0035874.flac,1
PA_T_0035877.flac,1
PA_T_0035935.flac,1
PA_T_0036031.flac,1
PA_T_0036117.flac,1
PA_T_0036163.flac,1
PA_T_0036197.flac,1
PA_T_0036223.flac,1
PA_T_0036235.flac,1
PA_T_0036411.flac,1
PA_T_0036416.flac,1
PA_T_0036436.flac,1
PA_T_0036509.flac,1
PA_T_0036539.flac,1
PA_T_0036602.flac,1
PA_T_0036660.flac,1
PA_T_0036709.flac,1
PA_T_0036774.flac,1
PA_T_0037087.flac,1
PA_T_0037133.flac,1
PA_T_0037159.flac,1
PA_T_0037228.flac,1
PA_T_0037353.flac,1
PA_T_0037397.flac,1
PA_T_0037420.flac,1
PA_T_0037526.flac,1
PA_T_0037567.flac,1
PA_T_0037571.flac,1
PA_T_0037628.flac,1
PA_T_0037762.flac,1
PA_T_0037795.flac,1
PA_T_0037800.flac,1
PA_T_0038199.flac,1
PA_T_0038482.flac,1
PA_T_0038559.flac,1
PA_T_0038901.flac,1
PA_T_0039181.flac,1
PA_T_0039258.flac,1
PA_T_0039345.flac,1
PA_T_0039411.flac,1
PA_T_0039564.flac,1
PA_T_0039594.flac,1
PA_T_0039648.flac,1
PA_T_0039783.flac,1
PA_T_0040195.flac,1
PA_T_0040209.flac,1
PA_T_0040314.flac,1
PA_T_0040405.flac,1
PA_T_0040406.flac,1
PA_T_0040519.flac,1
PA_T_0040670.flac,1
PA_T_0040673.flac,1
PA_T_0040752.flac,1
PA_T_0040789.flac,1
PA_T_0040800.flac,1
PA_T_0040961.flac,1
PA_T_0041089.flac,1
PA_T_0041192.flac,1
PA_T_0041306.flac,1
PA_T_0041471.flac,1
PA_T_0041576.flac,1
PA_T_0041665.flac,1
PA_T_0041673.flac,1
PA_T_0041785.flac,1
PA_T_0041825.flac,1
PA_T_0041931.flac,1
PA_T_0041974.flac,1
PA_T_0042030.flac,1
PA_T_0042287.flac,1
PA_T_0042361.flac,1
PA_T_0042388.flac,1
PA_T_0042489.flac,1
PA_T_0042666.flac,1
PA_T_0042704.flac,1
PA_T_0042746.flac,1
PA_T_0043022.flac,1
PA_T_0043097.flac,1
PA_T_0043128.flac,1
PA_T_0043129.flac,1
PA_T_0043136.flac,1
PA_T_0043165.flac,1
PA_T_0043216.flac,1
PA_T_0043325.flac,1
PA_T_0043513.flac,1
PA_T_0043679.flac,1
PA_T_0043761.flac,1
PA_T_0043878.flac,1
PA_T_0043970.flac,1
PA_T_0044040.flac,1
PA_T_0044053.flac,1
PA_T_0044191.flac,1
PA_T_0044204.flac,1
PA_T_0044229.flac,1
PA_T_0044317.flac,1
PA_T_0044397.flac,1
PA_T_0044424.flac,1
PA_T_0044468.flac,1
PA_T_0044470.flac,1
PA_T_0044512.flac,1
PA_T_0044593.flac,1
PA_T_0044749.flac,1
PA_T_0044935.flac,1
PA_T_0044965.flac,1
PA_T_0045108.flac,1
PA_T_0045136.flac,1
PA_T_0045197.flac,1
PA_T_0045353.flac,1
PA_T_0045399.flac,1
PA_T_0045461.flac,1
PA_T_0045551.flac,1
PA_T_0045765.flac,1
PA_T_0045929.flac,1
PA_T_0045984.flac,1
PA_T_0046100.flac,1
PA_T_0046120.flac,1
PA_T_0046181.flac,1
PA_T_0046364.flac,1
PA_T_0046394.flac,1
PA_T_0046475.flac,1
PA_T_0046507.flac,1
PA_T_0046652.flac,1
PA_T_0046673.flac,1
PA_T_0046881.flac,1
PA_T_0047054.flac,1
PA_T_0047190.flac,1
PA_T_0047204.flac,1
PA_T_0047524.flac,1
PA_T_0047730.flac,1
PA_T_0047838.flac,1
PA_T_0047844.flac,1
PA_T_0048008.flac,1
PA_T_0048029.flac,1
PA_T_0048098.flac,1
PA_T_0048114.flac,1
PA_T_0048396.flac,1
PA_T_0048579.flac,1
PA_T_0048682.flac,1
PA_T_0048732.flac,1
PA_T_0048754.flac,1
PA_T_0048851.flac,1
PA_T_0048907.flac,1
PA_T_0048914.flac,1
PA_T_0049151.flac,1
PA_T_0049191.flac,1
PA_T_0049236.flac,1
PA_T_0049274.flac,1
PA_T_0049459.flac,1
PA_T_0049493.flac,1
PA_T_0049591.flac,1
PA_T_0049678.flac,1
PA_T_0049791.flac,1
PA_T_0049909.flac,1
PA_T_0050244.flac,1
PA_T_0050388.flac,1
PA_T_0050449.flac,1
PA_T_0050465.flac,1
PA_T_0050534.flac,1
PA_T_0050579.flac,1
PA_T_0050631.flac,1
PA_T_0050660.flac,1
PA_T_0050661.flac,1
PA_T_0050737.flac,1
PA_T_0050879.flac,1
PA_T_0050982.flac,1
PA_T_0051008.flac,1
PA_T_0051037.flac,1
PA_T_0051092.flac,1
PA_T_0051106.flac,1
PA_T_0051241.flac,1
PA_T_0051258.flac,1
PA_T_0051353.flac,1
PA_T_0051463.flac,1
PA_T_0051471.flac,1
PA_T_0051696.flac,1
PA_T_0051732.flac,1
PA_T_0051755.flac,1
PA_T_0051801.flac,1
PA_T_0052052.flac,1
PA_T_0052163.flac,1
PA_T_0052260.flac,1
PA_T_0052478.flac,1
PA_T_0052479.flac,1
PA_T_0052539.flac,1
PA_T_0052591.flac,1
PA_T_0052671.flac,1
PA_T_0052860.flac,1
PA_T_0052887.flac,1
PA_T_0053309.flac,1
PA_T_0053491.flac,1
PA_T_0053539.flac,1
PA_T_0053545.flac,1
PA_T_0053632.flac,1
PA_T_0053806.flac,1
PA_T_0053903.flac,1
